Average ABV_Mu,Average ABV_Sigma,rAVG_Mu,rAVG_Sigma,r
6.3325,1.8912981886481672,3.5594059405940595,0.4096945735109954,0.484561710589616
